"Outcome","Coef","se","beta"
1,"4",0.163475382264568,0.173841627127129
2,"4",0.0747119677734783,0.130344309234806
3,"4",0.115525297773532,-0.0839386180119281
4,"4",0.19953702817577,0.129447102443982
5,"4",0.112616955971978,-0.0720867665438134
6,"4",0.123570842783403,0.120953067107019
