"Outcome","Coef","se","beta"
1,"4",0.165557955110412,0.173841625029501
2,"4",0.0756637509562125,0.130344309237671
3,"4",0.116997016934294,-0.08393861804867
4,"4",0.202079003616372,0.129447102635466
5,"4",0.114051624713885,-0.0720867665461625
6,"4",0.12514505711046,0.12095306710703
